{"count":1,"self":8826.0108288,"total":39685.828874,"children":{"InitializeActuators":{"count":21,"self":0.0015046999999999999,"total":0.0015046999999999999,"children":null},"InitializeSensors":{"count":21,"self":0.0020548999999999997,"total":0.0020548999999999997,"children":null},"AgentSendState":{"count":5627409,"self":1318.362112,"total":2458.7911654,"children":{"CollectObservations":{"count":23635122,"self":388.0040704,"total":388.0040763,"children":null},"WriteActionMask":{"count":23635122,"self":9.4701816,"total":9.4701814,"children":null},"RequestDecision":{"count":23635122,"self":27.6257824,"total":742.9548386,"children":{"AgentInfo.ToProto":{"count":23635122,"self":34.5843712,"total":715.3290555,"children":{"GenerateSensorData":{"count":23635122,"self":618.6541568,"total":680.74468589999992,"children":{"RayPerceptionSensor.Perceive":{"count":23635122,"self":62.090534399999996,"total":62.0905329,"children":null}}}}}}}}},"DecideAction":{"count":5627409,"self":27435.7600256,"total":27435.7607544,"children":null},"AgentAct":{"count":5627409,"self":964.2556416,"total":965.23108359999992,"children":{"AgentInfo.ToProto":{"count":23453,"self":0.066826,"total":0.97539619999999994,"children":{"GenerateSensorData":{"count":23453,"self":0.83551849999999994,"total":0.9085702,"children":{"RayPerceptionSensor.Perceive":{"count":23453,"self":0.0730517,"total":0.0730517,"children":null}}}}}}},"AgentInfo.ToProto":{"count":544,"self":0.0020893,"total":0.0296015,"children":{"GenerateSensorData":{"count":544,"self":0.0260011,"total":0.027512199999999997,"children":{"RayPerceptionSensor.Perceive":{"count":544,"self":0.0015111,"total":0.0015111,"children":null}}}}}},"gauges":{"Walker.CumulativeReward":{"count":23997,"max":327294.5,"min":215.783539,"runningAverage":86988.12,"value":139884.2,"weightedAverage":183743.4}},"metadata":{"timer_format_version":"0.1.0","start_time_seconds":"1725808155","unity_version":"2023.2.12f1","command_line_arguments":"D:\\georg\\Documents\\Master2\\humanmovement\\ml-agents\\Project\\Env\\UnityEnvironment.exe -nographics -batchmode --mlagents-port 5006 -logFile D:\\georg\\Documents\\Master2\\humanmovement\\ml-agents\\results\\0809\\run_logs\\Player-1.log","communication_protocol_version":"1.5.0","com.unity.ml-agents_version":"3.0.0-exp.1","scene_name":"Walker","end_time_seconds":"1725847841"}}