{"count":1,"self":6488.352768,"total":46056.7444673,"children":{"InitializeActuators":{"count":20,"self":0.0030263,"total":0.0030263,"children":null},"InitializeSensors":{"count":20,"self":0.0020277999999999997,"total":0.0020277999999999997,"children":null},"AgentSendState":{"count":6166944,"self":844.3608064,"total":3124.5137197,"children":{"CollectObservations":{"count":24667780,"self":1223.836672,"total":1223.8366902999999,"children":null},"WriteActionMask":{"count":24667780,"self":11.325688,"total":11.325688399999999,"children":null},"RequestDecision":{"count":24667780,"self":29.342380799999997,"total":1044.9905506999999,"children":{"AgentInfo.ToProto":{"count":24667780,"self":38.3114048,"total":1015.6481705,"children":{"GenerateSensorData":{"count":24667780,"self":911.547392,"total":977.33676629999991,"children":{"RayPerceptionSensor.Perceive":{"count":24667780,"self":65.7893376,"total":65.78934,"children":null}}}}}}}}},"DecideAction":{"count":6166944,"self":35996.3459584,"total":35996.3452541,"children":null},"AgentAct":{"count":6166944,"self":405.13354239999995,"total":406.8015709,"children":{"AgentInfo.ToProto":{"count":14619,"self":0.0470494,"total":1.6680358,"children":{"GenerateSensorData":{"count":14619,"self":1.5867236999999998,"total":1.6209863999999998,"children":{"RayPerceptionSensor.Perceive":{"count":14619,"self":0.0342627,"total":0.0342627,"children":null}}}}}}},"AgentInfo.ToProto":{"count":353547,"self":1.7344692,"total":40.7227736,"children":{"GenerateSensorData":{"count":353547,"self":37.83824,"total":38.9883045,"children":{"RayPerceptionSensor.Perceive":{"count":353547,"self":1.150063,"total":1.150063,"children":null}}}}}},"gauges":{"Walker.CumulativeReward":{"count":368166,"max":2626.10815,"min":-124.651093,"runningAverage":76.65525,"value":1166.53516,"weightedAverage":1083.75354}},"metadata":{"timer_format_version":"0.1.0","start_time_seconds":"1721769387","unity_version":"2023.2.12f1","command_line_arguments":"D:\\georg\\Documents\\Master2\\humanmovement\\ml-agents\\Project\\Env\\UnityEnvironment.exe -nographics -batchmode --mlagents-port 5007 -logFile D:\\georg\\Documents\\Master2\\humanmovement\\ml-agents\\results\\2407\\run_logs\\Player-2.log","communication_protocol_version":"1.5.0","com.unity.ml-agents_version":"3.0.0-exp.1","scene_name":"Walker","end_time_seconds":"1721815443"}}