{"count":1,"self":87.0400896,"total":90.1560142,"children":{"InitializeActuators":{"count":20,"self":0.0010011,"total":0.0010011,"children":null},"InitializeSensors":{"count":20,"self":0.0025082999999999998,"total":0.0025082999999999998,"children":null},"AgentSendState":{"count":6705,"self":0.3051589,"total":0.9983171999999999,"children":{"CollectObservations":{"count":26820,"self":0.6734972,"total":0.6734972,"children":null},"WriteActionMask":{"count":26820,"self":0.0060279999999999995,"total":0.0060279999999999995,"children":null},"RequestDecision":{"count":26820,"self":0.013633099999999999,"total":0.013633099999999999,"children":null}}},"DecideAction":{"count":6705,"self":1.731774,"total":1.7714135999999998,"children":{"RayPerceptionSensor.Perceive":{"count":26820,"self":0.0396395,"total":0.0396395,"children":null}}},"AgentAct":{"count":6705,"self":0.3416784,"total":0.3416784,"children":null}},"gauges":{"Walker.CumulativeReward":{"count":268,"max":944.4086,"min":-7.243007,"runningAverage":138.855515,"value":193.1327,"weightedAverage":126.597527}},"metadata":{"timer_format_version":"0.1.0","start_time_seconds":"1720544107","unity_version":"2023.2.12f1","command_line_arguments":"D:\\georg\\Documents\\Master2\\humanmovement\\ml-agents\\Project\\Env\\UnityEnvironment.exe","communication_protocol_version":"1.5.0","com.unity.ml-agents_version":"3.0.0-exp.1","scene_name":"Walker","end_time_seconds":"1720544197"}}