{"count":1,"self":221.52686079999998,"total":1189.7967803,"children":{"InitializeActuators":{"count":15,"self":0.0015053,"total":0.0015053,"children":null},"InitializeSensors":{"count":15,"self":0.0030193999999999998,"total":0.0030193999999999998,"children":null},"AgentSendState":{"count":204702,"self":28.2108192,"total":59.7722068,"children":{"CollectObservations":{"count":614115,"self":9.7913503999999989,"total":9.7913506,"children":null},"WriteActionMask":{"count":614115,"self":0.2477371,"total":0.2477371,"children":null},"RequestDecision":{"count":614115,"self":0.74882719999999992,"total":21.5223008,"children":{"AgentInfo.ToProto":{"count":614115,"self":1.2195367,"total":20.7734736,"children":{"GenerateSensorData":{"count":614115,"self":17.9175152,"total":19.5539369,"children":{"RayPerceptionSensor.Perceive":{"count":614115,"self":1.6364220999999999,"total":1.6364220999999999,"children":null}}}}}}}}},"DecideAction":{"count":204702,"self":882.356224,"total":882.35619609999992,"children":null},"AgentAct":{"count":204702,"self":26.0707632,"total":26.0707639,"children":null},"AgentInfo.ToProto":{"count":684,"self":0.0065217999999999995,"total":0.064714399999999991,"children":{"GenerateSensorData":{"count":684,"self":0.0576184,"total":0.0581926,"children":{"RayPerceptionSensor.Perceive":{"count":684,"self":0.0005742,"total":0.0005742,"children":null}}}}}},"gauges":{"Walker.CumulativeReward":{"count":684,"max":47311.9375,"min":-11000.2715,"runningAverage":855.830444,"value":7971.30469,"weightedAverage":7050.02246}},"metadata":{"timer_format_version":"0.1.0","start_time_seconds":"1725049816","unity_version":"2023.2.12f1","command_line_arguments":"D:\\georg\\Documents\\Master2\\humanmovement\\ml-agents\\Project\\Env\\UnityEnvironment.exe -nographics -batchmode --mlagents-port 5008 -logFile D:\\georg\\Documents\\Master2\\humanmovement\\ml-agents\\results\\3008\\run_logs\\Player-3.log","communication_protocol_version":"1.5.0","com.unity.ml-agents_version":"3.0.0-exp.1","scene_name":"Walker","end_time_seconds":"1725051005"}}