{"count":1,"self":428.6445824,"total":2574.5415413,"children":{"InitializeActuators":{"count":25,"self":0.00050329999999999993,"total":0.00050329999999999993,"children":null},"InitializeSensors":{"count":25,"self":0.0030088999999999997,"total":0.0030088999999999997,"children":null},"AgentSendState":{"count":330008,"self":49.2128064,"total":146.1073339,"children":{"CollectObservations":{"count":1650050,"self":30.4339136,"total":30.433913999999998,"children":null},"WriteActionMask":{"count":1650050,"self":0.6857373,"total":0.6857373,"children":null},"RequestDecision":{"count":1650050,"self":2.0352852,"total":65.7748751,"children":{"AgentInfo.ToProto":{"count":1650050,"self":2.3232817999999997,"total":63.73959,"children":{"GenerateSensorData":{"count":1650050,"self":56.860940799999995,"total":61.416308199999996,"children":{"RayPerceptionSensor.Perceive":{"count":1650050,"self":4.5553688,"total":4.5553688,"children":null}}}}}}}}},"DecideAction":{"count":330008,"self":1922.639872,"total":1922.6397777999998,"children":null},"AgentAct":{"count":330008,"self":77.0156032,"total":77.143822,"children":{"AgentInfo.ToProto":{"count":1650,"self":0.0055474,"total":0.1282176,"children":{"GenerateSensorData":{"count":1650,"self":0.1178683,"total":0.1226702,"children":{"RayPerceptionSensor.Perceive":{"count":1650,"self":0.0048019,"total":0.0048019,"children":null}}}}}}}},"gauges":{"Walker.CumulativeReward":{"count":1650,"max":-101.795227,"min":-304.920258,"runningAverage":-162.461044,"value":-105.88414,"weightedAverage":-105.642242}},"metadata":{"timer_format_version":"0.1.0","start_time_seconds":"1725228175","unity_version":"2023.2.12f1","command_line_arguments":"D:\\georg\\Documents\\Master2\\humanmovement\\ml-agents\\Project\\Env\\UnityEnvironment.exe -nographics -batchmode --mlagents-port 5006 -logFile D:\\georg\\Documents\\Master2\\humanmovement\\ml-agents\\results\\0109\\run_logs\\Player-1.log","communication_protocol_version":"1.5.0","com.unity.ml-agents_version":"3.0.0-exp.1","scene_name":"Walker","end_time_seconds":"1725230749"}}