{"count":1,"self":102.4173632,"total":1284.8617292,"children":{"InitializeActuators":{"count":16,"self":0.001544,"total":0.001544,"children":null},"InitializeSensors":{"count":16,"self":0.0010306999999999998,"total":0.0010306999999999998,"children":null},"AgentSendState":{"count":87047,"self":0.98242009999999991,"total":13.781346399999999,"children":{"CollectObservations":{"count":278560,"self":7.7456743999999995,"total":7.7456742999999992,"children":null},"WriteActionMask":{"count":278560,"self":0.16195589999999999,"total":0.16195589999999999,"children":null},"RequestDecision":{"count":278560,"self":0.547648,"total":4.8912961,"children":{"AgentInfo.ToProto":{"count":278560,"self":0.50416529999999993,"total":4.3436481,"children":{"GenerateSensorData":{"count":278560,"self":3.8394828,"total":3.8394828,"children":null}}}}}}},"DecideAction":{"count":87047,"self":1157.7924607999998,"total":1157.7925091,"children":null},"AgentAct":{"count":87047,"self":10.3708712,"total":10.370871099999999,"children":null},"AgentInfo.ToProto":{"count":18608,"self":0.1312642,"total":0.4950112,"children":{"GenerateSensorData":{"count":18608,"self":0.363747,"total":0.363747,"children":null}}}},"gauges":{"Walker.CumulativeReward":{"count":18608,"max":195.6025,"min":-2,"runningAverage":10.8576469,"value":29.65614,"weightedAverage":24.6831837}},"metadata":{"timer_format_version":"0.1.0","start_time_seconds":"1695539665","unity_version":"2021.3.11f1","command_line_arguments":"D:\\georg\\Documents\\Human-Motion-AI\\Project\\TrainingEnv\\UnityEnvironment.exe --mlagents-port 5012 -logFile D:\\georg\\Documents\\Human-Motion-AI\\results\\newChar\\run_logs\\Player-7.log","communication_protocol_version":"1.5.0","com.unity.ml-agents_version":"2.3.0-exp.4","scene_name":"Walker","end_time_seconds":"1695540950"}}