{"count":1,"self":253.8434816,"total":2179.1351952,"children":{"InitializeActuators":{"count":16,"self":0.0020705999999999997,"total":0.0020705999999999997,"children":null},"InitializeSensors":{"count":16,"self":0.0010414999999999999,"total":0.0010414999999999999,"children":null},"AgentSendState":{"count":212804,"self":2.7046414,"total":36.5216026,"children":{"CollectObservations":{"count":680976,"self":19.7665856,"total":19.766586,"children":null},"WriteActionMask":{"count":680976,"self":0.42688119999999996,"total":0.42688119999999996,"children":null},"RequestDecision":{"count":680976,"self":1.4627609,"total":13.623493999999999,"children":{"AgentInfo.ToProto":{"count":680976,"self":1.5049579,"total":12.1607331,"children":{"GenerateSensorData":{"count":680976,"self":10.655775199999999,"total":10.655775199999999,"children":null}}}}}}},"DecideAction":{"count":212804,"self":1861.1951616,"total":1861.1950748,"children":null},"AgentAct":{"count":212804,"self":26.956819199999998,"total":26.958875199999998,"children":{"AgentInfo.ToProto":{"count":238,"self":0,"total":0.0020575999999999997,"children":{"GenerateSensorData":{"count":238,"self":0.0020575999999999997,"total":0.0020575999999999997,"children":null}}}}},"AgentInfo.ToProto":{"count":22754,"self":0.16213539999999999,"total":0.6109922,"children":{"GenerateSensorData":{"count":22754,"self":0.4488568,"total":0.4488568,"children":null}}}},"gauges":{"Walker.CumulativeReward":{"count":22992,"max":1514.28308,"min":-2,"runningAverage":25.18138,"value":524.965637,"weightedAverage":337.699738}},"metadata":{"timer_format_version":"0.1.0","start_time_seconds":"1695541069","unity_version":"2021.3.11f1","command_line_arguments":"D:\\georg\\Documents\\Human-Motion-AI\\Project\\TrainingEnv\\UnityEnvironment.exe --mlagents-port 5011 -logFile D:\\georg\\Documents\\Human-Motion-AI\\results\\newChar2\\run_logs\\Player-6.log","communication_protocol_version":"1.5.0","com.unity.ml-agents_version":"2.3.0-exp.4","scene_name":"Walker","end_time_seconds":"1695543248"}}